USE Factory;

INSERT INTO Client VALUES 
    (11111111, 'Retroid', 'Bauru - Sao Paulo - Rua tal 1', '2000-01-28'),
    (22222222, 'Weepiece', 'BH - Minas Gerais - Rua tal de tal 009', '2010-12-29'),
    (33333333, 'Material.ly', 'Pelotas - RS - Rua tal 19', '2018-11-15'),
    (44444444, 'Cribly', 'Pelotas - RS - Rua tal de tal 561', '2017-12-15'),
    (55555555, 'Tacks', 'Pelotas - RS - Rua tal de tal 561', '2017-12-15'),
    (66666666, 'Vertably', 'Pelotas - RS - Rua tal de tal 561', '2017-12-15'),
    (77777777, 'Chuncksy', 'Pelotas - RS - Rua tal de tal 562', '2017-12-15'),
    (88888888, 'Bluesy', 'Pelotas - RS - Rua tal de tal 563', '2017-12-15'),
    (99999999, 'Cartfully', 'Pelotas - RS - Rua tal de tal 111', '2017-12-15');

INSERT INTO Product VALUES 
    (1000, 'Valvula', 11.50),
    (2000, 'F-2000', 500.2),
    (3000, 'F-3000', 3.12),
    (4000, 'F-4000', 1000.91),
    (5000, 'F-5000', 5000.91),
    (6000, 'Borracha com Aco', 1.99),
    (7000, 'Boracha com pino de aco', 4.91),
    (8000, 'Pino de aco', 5.80),
    (9000, 'Suspensao', 300),
    (1010, 'Suspensao a', 500.91),
    (1111, 'Suspensao b', 600.91),
    (1212, 'Suspensao c', 700.91),
    (1313, 'Eixo traseiro', 2540.91),
    (1414, 'Eixo dianteiro', 2550.91),
    (1515, 'Eixo traseiro van', 600);


INSERT INTO RawMaterial VALUES 
    (1233, 'Borracha', 3, 1000.30, TRUE),
    (1244, 'Aco', 2.98, 3000.20, TRUE),
    (2211, 'Tubo de aco', 7.65, 395, FALSE),
    (2212, 'Tubo de madeira', 8.65, 15, FALSE),
    (2213, 'Tubo de ferro A', 10.65, 500, FALSE),
    (2214, 'Tubo de ferro B', 8.65, 1500, FALSE),
    (2215, 'Tubo de ferro C', 100.65, 1650, FALSE),
    (2216, 'Pino de aco', 8.80, 10000, FALSE),
    (2217, 'Areia', 1.65, 1500.12, TRUE),
    (2218, 'Tinta', 300.65, 1512.45, TRUE),
    (2219, 'Tinta B', 300.65, 1512.45, TRUE),
    (2220, 'Bucha polida', 222.1, 2000, FALSE);

INSERT INTO ShippingCompany VALUES 
    (5551111, 'Fedex', 2.65),
    (5552222, 'Sedex', 2.9),
    (5552121, 'La tor', 4),
    (5553333, 'Grand', 2.2),
    (5554444, 'The flash', 1000),
    (5554141, 'Mediterrean SC', 150.39),
    (5556099, 'CMA Group', 123.12),
    (5550001, 'Swoost', 391.11);


INSERT INTO Package VALUES
    (1010, 100.2, 50.5, 2),
    (2020, 120.2, 70.5, 10),
    (3030, 50.2, 100.5, 100),
    (4040, 30, 30, 30),
    (5040, 301, 301, 301),
    (6040, 75, 83, 101),
    (7040, 100, 5, 100),
    (8040, 100, 50, 50),
    (9040, 100, 100, 100);

INSERT INTO Request VALUES
    (12121212, 22222222, 1000, 10, '2018-01-01', '2018-01-02', 5551111),
    (32323232, 22222222, 4000, 100.21, '2017-01-01', '2018-06-12', 5552121),
    (52525252, 11111111, 1000, 10, '2015-02-03', '2015-03-03', 5553333),
    (52525251, 22222222, 2000, 3, '2018-01-01', '2018-01-02', 5553333),
    (10000001, 22222222, 4000, 100, '2018-01-01', '2018-01-02', 5553333),
    (10000002, 22222222, 7000, 4000, '2018-01-01', '2018-01-02', 5553333),
    (10000003, 33333333, 2000, 10, '2018-01-01', '2018-01-02', 5553333),
    (10000004, 33333333, 9000, 300, '2018-01-01', '2018-01-02', 5553333),
    (10000005, 44444444, 2000, 3, '2018-01-01', '2018-01-02', 5553333),
    (10000006, 55555555, 2000, 3, '2018-01-01', '2018-01-02', 5553333),
    (10000007, 66666666, 1010, 20, '2018-01-01', '2018-01-02', 5553333),
    (10000008, 77777777, 1313, 3, '2018-01-01', '2018-01-02', 5553333),
    (10000009, 88888888, 2000, 3, '2018-01-01', '2018-01-02', 5553333),
    (10000010, 99999999, 2000, 3, '2018-01-01', '2018-01-02', 5553333),
    (10000011, 77777777, 2000, 3, '2018-01-01', '2018-01-02', 5553333),
    (10000012, 55555555, 2000, 3, '2018-01-01', '2018-01-02', 5553333),

INSERT INTO RequestPackage VALUES
    (12121212, 1010, 10),
    (12121212, 4040, 1),
    (32323232, 2020, 4),
    (52525252, 3030, 20),
    (52525251, 3030, 3);

INSERT INTO Requirement VALUES
    (1000, 1233, 3.5),
    (1000, 1244, 2.5),
    (2000, 2211, 1),
    (2000, 1233, 5.32),
    (2000, 1244, 1.22),
    (3000, 2211, 1),
    (3000, 1233, 400.32),
    (3000, 1244, 10.22),
    (4000, 2211, 1),
    (4000, 1233, 400.32),
    (4000, 2212, 200.22),
    (5000, 1233, 500.22),
    (5000, 1244, 600.22),
    (5000, 2211, 33),
    (5000, 2212, 2),
    (6000, 2213, 4),
    (6000, 2214, 5),
    (6000, 2215, 10),
    (6000, 2216, 8),
    (7000, 2217, 500.12),
    (8000, 2218, 12.31),
    (8000, 2211, 15),
    (9000, 2211, 1),
    (1010, 2211, 12),
    (1010, 2218, 987.12),
    (1010, 2219, 321.78),
    (1010, 2220, 100000),
    (1111, 2220, 12),
    (1212, 2213, 200),
    (1212, 1233, 100.30),
    (1313, 2216, 1),
    (1313, 1233, 0.50),
    (1313, 2217, 5),
    (1414, 2220, 1),
    (1515, 2214, 100),
    (1515, 1233, 500.1);
