USE Factory;

INSERT INTO Client VALUES 
    (11111111, 'Google', 'LA', '2000-01-28'),
    (22222222, 'Facebook', 'CA', '2010-12-29'),
    (33333333, 'LinkedIn', 'CN', '2018-11-15');

INSERT INTO Product VALUES 
    (1000, 'Valvula', 11.50),
    (2000, 'F-2000', 500.2),
    (3000, 'F-3000', 3.12),
    (4000, 'F-4000', 1000.91);

INSERT INTO RawMaterial VALUES 
    (1233, 'Borracha', 3, 1000, TRUE),
    (1244, 'Aco', 2.98, 3000, TRUE),
    (2211, 'Tubo de aco', 7.65, 395, FALSE),
    (2212, 'Tubo de madeira', 8.65, 15, FALSE);

INSERT INTO ShippingCompany VALUES 
    (5551111, 'Fedex', 2.65),
    (5552222, 'Sedex', 2.9),
    (5552121, 'La tor', 4),
    (5553333, 'Grand', 2.2);

INSERT INTO Package VALUES
    (1010, 100.2, 50.5, 2),
    (2020, 120.2, 70.5, 10),
    (3030, 50.2, 100.5, 100),
    (4040, 30, 30, 30);

INSERT INTO Request VALUES
    (12121212, 22222222, 1000, 10, '2018-01-01', '2018-01-02', 5551111),
    (32323232, 22222222, 4000, 100.21, '2018-01-01', '2018-01-02', 5552121),
    (52525252, 11111111, 1000, 10, '2018-01-01', '2018-01-02', 5553333);

INSERT INTO RequestPackage VALUES
    (12121212, 1010, 10),
    (12121212, 4040, 1),
    (32323232, 2020, 4),
    (52525252, 3030, 5);

INSERT INTO Requirement VALUES
    (1000, 1233, 3.5),
    (1000, 1244, 2.5),
    (2000, 2211, 1),
    (2000, 1233, 5.32),
    (2000, 1244, 1.22),
    (3000, 2211, 1),
    (3000, 1233, 400.32),
    (3000, 1244, 10.22),
    (4000, 2211, 1),
    (4000, 1233, 400.32),
    (4000, 2212, 100.22);